name;url;count_postchange;/tag/change/page/1/;1deep-thoughts;/tag/deep-thoughts/page/1/;1thinking;/tag/thinking/page/1/;2world;/tag/world/page/1/;1abilities;/tag/abilities/page/1/;1choices;/tag/choices/page/1/;1inspirational;/tag/inspirational/page/1/;13life;/tag/life/page/1/;13live;/tag/live/page/1/;1miracle;/tag/miracle/page/1/;1miracles;/tag/miracles/page/1/;1aliteracy;/tag/aliteracy/page/1/;1books;/tag/books/page/1/;11classic;/tag/classic/page/1/;2humor;/tag/humor/page/1/;12be-yourself;/tag/be-yourself/page/1/;1adulthood;/tag/adulthood/page/1/;1success;/tag/success/page/1/;1value;/tag/value/page/1/;1love;/tag/love/page/1/;14edison;/tag/edison/page/1/;1failure;/tag/failure/page/1/;1paraphrased;/tag/paraphrased/page/1/;2misattributed-eleanor-roosevelt;/tag/misattributed-eleanor-roosevelt/page/1/;1obvious;/tag/obvious/page/1/;1simile;/tag/simile/page/1/;3friends;/tag/friends/page/1/;4heartbreak;/tag/heartbreak/page/1/;1sisters;/tag/sisters/page/1/;1courage;/tag/courage/page/1/;2simplicity;/tag/simplicity/page/1/;1understand;/tag/understand/page/1/;1fantasy;/tag/fantasy/page/1/;1navigation;/tag/navigation/page/1/;1activism;/tag/activism/page/1/;1apathy;/tag/apathy/page/1/;1hate;/tag/hate/page/1/;1indifference;/tag/indifference/page/1/;1opposite;/tag/opposite/page/1/;1philosophy;/tag/philosophy/page/1/;2friendship;/tag/friendship/page/1/;5lack-of-friendship;/tag/lack-of-friendship/page/1/;1lack-of-love;/tag/lack-of-love/page/1/;1marriage;/tag/marriage/page/1/;1unhappy-marriage;/tag/unhappy-marriage/page/1/;1contentment;/tag/contentment/page/1/;1fate;/tag/fate/page/1/;1misattributed-john-lennon;/tag/misattributed-john-lennon/page/1/;1planning;/tag/planning/page/1/;1plans;/tag/plans/page/1/;1poetry;/tag/poetry/page/1/;1happiness;/tag/happiness/page/1/;1attributed-no-source;/tag/attributed-no-source/page/1/;3religion;/tag/religion/page/1/;2comedy;/tag/comedy/page/1/;1yourself;/tag/yourself/page/1/;2children;/tag/children/page/1/;2fairy-tales;/tag/fairy-tales/page/1/;1imagination;/tag/imagination/page/1/;1music;/tag/music/page/1/;2learning;/tag/learning/page/1/;2reading;/tag/reading/page/1/;7seuss;/tag/seuss/page/1/;1dumbledore;/tag/dumbledore/page/1/;2misattributed-to-mother-teresa;/tag/misattributed-to-mother-teresa/page/1/;1death;/tag/death/page/1/;3chocolate;/tag/chocolate/page/1/;1food;/tag/food/page/1/;1misattributed-to-c-s-lewis;/tag/misattributed-to-c-s-lewis/page/1/;1knowledge;/tag/knowledge/page/1/;1understanding;/tag/understanding/page/1/;1wisdom;/tag/wisdom/page/1/;1library;/tag/library/page/1/;2read;/tag/read/page/1/;1readers;/tag/readers/page/1/;1reading-books;/tag/reading-books/page/1/;1tea;/tag/tea/page/1/;1girls;/tag/girls/page/1/;1hope;/tag/hope/page/1/;2attributed;/tag/attributed/page/1/;1fear;/tag/fear/page/1/;1inspiration;/tag/inspiration/page/1/;1thought;/tag/thought/page/1/;1misattributed-to-einstein;/tag/misattributed-to-einstein/page/1/;1drug;/tag/drug/page/1/;1romance;/tag/romance/page/1/;1novelist-quotes;/tag/novelist-quotes/page/1/;1alcohol;/tag/alcohol/page/1/;1the-hunger-games;/tag/the-hunger-games/page/1/;1bilbo;/tag/bilbo/page/1/;1journey;/tag/journey/page/1/;1lost;/tag/lost/page/1/;1quest;/tag/quest/page/1/;1travel;/tag/travel/page/1/;1wander;/tag/wander/page/1/;1live-death-love;/tag/live-death-love/page/1/;1good;/tag/good/page/1/;1writing;/tag/writing/page/1/;3regrets;/tag/regrets/page/1/;1education;/tag/education/page/1/;1troubles;/tag/troubles/page/1/;1open-mind;/tag/open-mind/page/1/;1authors;/tag/authors/page/1/;1literature;/tag/literature/page/1/;1insanity;/tag/insanity/page/1/;1lies;/tag/lies/page/1/;1lying;/tag/lying/page/1/;1self-indulgence;/tag/self-indulgence/page/1/;1truth;/tag/truth/page/1/;4beatles;/tag/beatles/page/1/;1connection;/tag/connection/page/1/;1dreamers;/tag/dreamers/page/1/;1dreaming;/tag/dreaming/page/1/;1dreams;/tag/dreams/page/1/;1peace;/tag/peace/page/1/;1sinister;/tag/sinister/page/1/;1mistakes;/tag/mistakes/page/1/;1romantic;/tag/romantic/page/1/;1women;/tag/women/page/1/;1integrity;/tag/integrity/page/1/;1elizabeth-bennet;/tag/elizabeth-bennet/page/1/;1jane-austen;/tag/jane-austen/page/1/;1age;/tag/age/page/1/;1fairytales;/tag/fairytales/page/1/;1growing-up;/tag/growing-up/page/1/;1god;/tag/god/page/1/;1misattributed-mark-twain;/tag/misattributed-mark-twain/page/1/;1christianity;/tag/christianity/page/1/;1faith;/tag/faith/page/1/;1sun;/tag/sun/page/1/;1adventure;/tag/adventure/page/1/;1better-life-empathy;/tag/better-life-empathy/page/1/;1difficult;/tag/difficult/page/1/;1grown-ups;/tag/grown-ups/page/1/;1write;/tag/write/page/1/;1writers;/tag/writers/page/1/;1mind;/tag/mind/page/1/;1